gs://acm-vcm/output-1549208663212.png, Healthy
gs://acm-vcm/output-1549208665688.png, Healthy
gs://acm-vcm/output-1549208668255.png, Healthy
gs://acm-vcm/output-1549208670715.png, Healthy
gs://acm-vcm/output-1549208673232.png, Healthy
gs://acm-vcm/output-1549208675755.png, Healthy
gs://acm-vcm/output-1549208678269.png, Healthy
gs://acm-vcm/output-1549208680791.png, Healthy
gs://acm-vcm/output-1549208683315.png, Healthy
gs://acm-vcm/output-1549208685778.png, Healthy
gs://acm-vcm/output-1549208688288.png, Healthy
gs://acm-vcm/output-1549208690811.png, Healthy
gs://acm-vcm/output-1549208693331.png, Healthy
gs://acm-vcm/output-1549208695857.png, Healthy
gs://acm-vcm/output-1549208698374.png, Healthy
gs://acm-vcm/output-1549208700898.png, Healthy
gs://acm-vcm/output-1549208703405.png, Healthy
gs://acm-vcm/output-1549208705926.png, Healthy
gs://acm-vcm/output-1549208708391.png, Healthy
gs://acm-vcm/output-1549208710905.png, Healthy
gs://acm-vcm/output-1549208713427.png, Healthy
gs://acm-vcm/output-1549208715950.png, Healthy
gs://acm-vcm/output-1549208718471.png, Healthy
gs://acm-vcm/output-1549208720988.png, Healthy
gs://acm-vcm/output-1549208723508.png, Healthy
gs://acm-vcm/output-1549208726030.png, Healthy
gs://acm-vcm/output-1549208728491.png, Healthy
gs://acm-vcm/output-1549208731002.png, Healthy
gs://acm-vcm/output-1549208733522.png, Healthy
gs://acm-vcm/output-1549208736042.png, Healthy
gs://acm-vcm/output-1549208738571.png, Healthy
gs://acm-vcm/output-1549208741087.png, Healthy
gs://acm-vcm/output-1549208743599.png, UnHealthy
gs://acm-vcm/output-1549208746122.png, UnHealthy
gs://acm-vcm/output-1549208748590.png, UnHealthy
gs://acm-vcm/output-1549208751101.png, UnHealthy
gs://acm-vcm/output-1549208753627.png, UnHealthy
gs://acm-vcm/output-1549208756152.png, UnHealthy
gs://acm-vcm/output-1549208758673.png, UnHealthy
gs://acm-vcm/output-1549208761184.png, UnHealthy
gs://acm-vcm/output-1549208763703.png, UnHealthy
gs://acm-vcm/output-1549208766170.png, UnHealthy
gs://acm-vcm/output-1549208768687.png, UnHealthy
gs://acm-vcm/output-1549208771199.png, UnHealthy
gs://acm-vcm/output-1549208773729.png, UnHealthy
gs://acm-vcm/output-1549208776245.png, UnHealthy
gs://acm-vcm/output-1549208778767.png, UnHealthy
gs://acm-vcm/output-1549208781284.png, UnHealthy
gs://acm-vcm/output-1549208783806.png, UnHealthy
gs://acm-vcm/output-1549208786325.png, UnHealthy
gs://acm-vcm/output-1549208788787.png, UnHealthy
gs://acm-vcm/output-1549208791305.png, UnHealthy
gs://acm-vcm/output-1549208793827.png, UnHealthy
gs://acm-vcm/output-1549208796337.png, UnHealthy
gs://acm-vcm/output-1549208798872.png, UnHealthy
gs://acm-vcm/output-1549208801331.png, UnHealthy
gs://acm-vcm/output-1549208803845.png, UnHealthy
gs://acm-vcm/output-1549208806364.png, UnHealthy
gs://acm-vcm/output-1549208808888.png, UnHealthy
gs://acm-vcm/output-1549208811402.png, UnHealthy
gs://acm-vcm/output-1549208813924.png, UnHealthy
gs://acm-vcm/output-1549208816446.png, UnHealthy
gs://acm-vcm/output-1549208818964.png, UnHealthy
gs://acm-vcm/output-1549208972867.png, UnHealthy
gs://acm-vcm/output-1549208975386.png, UnHealthy
gs://acm-vcm/output-1549208977904.png, UnHealthy
gs://acm-vcm/output-1549208980365.png, UnHealthy
gs://acm-vcm/output-1549208982880.png, UnHealthy
gs://acm-vcm/output-1549208985403.png, UnHealthy
gs://acm-vcm/output-1549208987927.png, UnHealthy
gs://acm-vcm/output-1549208990451.png, UnHealthy
gs://acm-vcm/output-1549208992959.png, UnHealthy
gs://acm-vcm/output-1549208995477.png, UnHealthy
gs://acm-vcm/output-1549208998004.png, UnHealthy
gs://acm-vcm/output-1549209000461.png, UnHealthy
gs://acm-vcm/output-1549209002991.png, UnHealthy
gs://acm-vcm/output-1549209005515.png, UnHealthy
gs://acm-vcm/output-1549209008028.png, UnHealthy
gs://acm-vcm/output-1549209010540.png, UnHealthy
gs://acm-vcm/output-1549209013059.png, UnHealthy
gs://acm-vcm/output-1549209015583.png, UnHealthy
gs://acm-vcm/output-1549209018043.png, UnHealthy
gs://acm-vcm/output-1549209020564.png, UnHealthy
gs://acm-vcm/output-1549209023076.png, UnHealthy
gs://acm-vcm/output-1549209025601.png, UnHealthy
gs://acm-vcm/output-1549209028123.png, UnHealthy
gs://acm-vcm/output-1549209030640.png, UnHealthy
gs://acm-vcm/output-1549209033158.png
gs://acm-vcm/output-1549209035628.png
gs://acm-vcm/output-1549209038154.png
gs://acm-vcm/output-1549209040659.png
gs://acm-vcm/output-1549209043180.png
gs://acm-vcm/output-1549209045698.png
gs://acm-vcm/output-1549209048223.png
gs://acm-vcm/output-1549209050738.png
gs://acm-vcm/output-1549209053252.png
gs://acm-vcm/output-1549209058233.png
gs://acm-vcm/output-1549210633434.png
gs://acm-vcm/output-1549210638471.png
gs://acm-vcm/output-1549210640966.png
gs://acm-vcm/output-1549210643493.png
gs://acm-vcm/output-1549210645984.png
gs://acm-vcm/output-1549210656033.png
gs://acm-vcm/output-1549210658547.png
gs://acm-vcm/output-1549210661066.png
gs://acm-vcm/output-1549210663604.png
gs://acm-vcm/output-1549210686183.png
gs://acm-vcm/output-1549210696227.png
gs://acm-vcm/output-1549210698741.png
gs://acm-vcm/output-1549210711308.png
gs://acm-vcm/output-1549210713822.png
gs://acm-vcm/output-1549210716334.png
gs://acm-vcm/output-1549210718876.png
gs://acm-vcm/output-1549210789213.png
gs://acm-vcm/output-1549210791695.png
gs://acm-vcm/output-1549210794183.png
gs://acm-vcm/output-1549210796708.png
gs://acm-vcm/output-1549210799213.png
gs://acm-vcm/output-1549210801720.png
gs://acm-vcm/output-1549210804246.png
gs://acm-vcm/output-1549215729138.png
gs://acm-vcm/output-1549215781900.png
gs://acm-vcm/output-1549215784415.png
gs://acm-vcm/output-1549216068271.png
gs://acm-vcm/output-1549216070775.png
gs://acm-vcm/output-1549216073286.png
gs://acm-vcm/output-1549216075786.png
gs://acm-vcm/output-1549216078298.png
gs://acm-vcm/output-1549216080815.png
gs://acm-vcm/output-1549216083362.png, Healthy
gs://acm-vcm/output-1549216085841.png, Healthy
gs://acm-vcm/output-1549216088387.png
gs://acm-vcm/output-1549216231521.png
gs://acm-vcm/output-1549216698714.png
gs://acm-vcm/output-1549216701249.png
gs://acm-vcm/output-1549216703723.png
gs://acm-vcm/output-1549216706287.png
gs://acm-vcm/output-1549216708772.png
gs://acm-vcm/output-1549216711288.png
gs://acm-vcm/output-1549216738931.png
gs://acm-vcm/output-1549216741401.png
gs://acm-vcm/output-1549216743970.png
gs://acm-vcm/output-1549216746444.png
gs://acm-vcm/output-1549216834416.png
gs://acm-vcm/output-1549216836852.png
gs://acm-vcm/output-1549216839371.png
gs://acm-vcm/output-1549216841897.png
gs://acm-vcm/output-1549216844407.png
gs://acm-vcm/output-1549217537649.png
gs://acm-vcm/output-1549217540218.png
gs://acm-vcm/output-1549217542676.png
gs://acm-vcm/output-1549217545206.png
gs://acm-vcm/output-1549217547701.png
gs://acm-vcm/output-1549217550244.png
gs://acm-vcm/output-1549217552744.png
gs://acm-vcm/output-1549217555247.png
gs://acm-vcm/output-1549217567813.png
gs://acm-vcm/output-1549217570361.png
gs://acm-vcm/output-1549217572811.png
gs://acm-vcm/output-1549217575325.png
gs://acm-vcm/output-1549217582888.png
gs://acm-vcm/output-1549217585396.png
gs://acm-vcm/output-1549217587914.png
gs://acm-vcm/output-1549217658250.png
gs://acm-vcm/output-1549217660728.png
gs://acm-vcm/output-1549217914440.png
gs://acm-vcm/output-1549217916968.png
gs://acm-vcm/output-1549218381659.png
gs://acm-vcm/output-1549218384155.png
gs://acm-vcm/output-1549218386648.png
gs://acm-vcm/output-1549218389158.png
gs://acm-vcm/output-1549218391693.png
gs://acm-vcm/output-1549218394237.png
gs://acm-vcm/output-1549218406766.png
gs://acm-vcm/output-1549218527355.png
gs://acm-vcm/output-1549218529843.png
gs://acm-vcm/output-1549218532386.png
gs://acm-vcm/output-1549218534843.png
gs://acm-vcm/output-1549218818712.png
gs://acm-vcm/output-1549218821237.png
gs://acm-vcm/output-1549218863952.png
gs://acm-vcm/output-1549218866468.png
gs://acm-vcm/output-1549218868924.png
gs://acm-vcm/output-1549218871443.png
gs://acm-vcm/output-1549218873944.png
gs://acm-vcm/output-1549218876473.png
gs://acm-vcm/output-1549218879010.png
gs://acm-vcm/output-1549218881533.png
gs://acm-vcm/output-1549218884047.png
gs://acm-vcm/output-1549218886554.png
gs://acm-vcm/output-1549218889053.png
gs://acm-vcm/output-1549218891567.png
gs://acm-vcm/output-1549219027228.png
gs://acm-vcm/output-1549219863657.png
gs://acm-vcm/output-1549219866178.png
gs://acm-vcm/output-1549219868699.png
gs://acm-vcm/output-1549219871171.png
gs://acm-vcm/output-1549219873681.png
gs://acm-vcm/output-1549219876205.png
gs://acm-vcm/output-1549219886252.png
gs://acm-vcm/output-1549219939031.png
gs://acm-vcm/output-1549219941554.png
gs://acm-vcm/output-1549219944010.png
gs://acm-vcm/output-1549219991778.png
gs://acm-vcm/output-1549220315772.png
gs://acm-vcm/output-1549220401194.png
gs://acm-vcm/output-1549220403703.png
gs://acm-vcm/output-1549220406238.png
gs://acm-vcm/output-1549220408714.png
gs://acm-vcm/output-1549220411238.png
gs://acm-vcm/output-1549220413782.png
gs://acm-vcm/output-1549220416264.png
gs://acm-vcm/output-1549220418776.png
gs://acm-vcm/output-1549220421289.png
gs://acm-vcm/output-1549220423841.png
gs://acm-vcm/output-1549220566972.png
gs://acm-vcm/output-1549220569493.png
gs://acm-vcm/output-1549220572023.png
gs://acm-vcm/output-1549220574529.png
gs://acm-vcm/output-1549220577054.png
gs://acm-vcm/output-1549220579574.png
gs://acm-vcm/output-1549220582088.png
gs://acm-vcm/output-1549220584552.png
gs://acm-vcm/output-1549221320601.png
gs://acm-vcm/output-1549221323100.png
gs://acm-vcm/output-1549221325595.png
gs://acm-vcm/output-1549221328072.png
gs://acm-vcm/output-1549221330619.png
gs://acm-vcm/output-1549221333125.png
gs://acm-vcm/output-1549221634564.png
gs://acm-vcm/output-1549221647091.png
gs://acm-vcm/output-1549222356384.png
gs://acm-vcm/output-1549222358872.png
gs://acm-vcm/output-1549222361392.png
gs://acm-vcm/output-1549222363911.png
gs://acm-vcm/output-1549222366396.png
gs://acm-vcm/output-1549591806667.png
gs://acm-vcm/output-1549591809180.png
gs://acm-vcm/output-1549591811701.png
gs://acm-vcm/output-1549591814220.png
gs://acm-vcm/output-1549593140438.png
gs://acm-vcm/output-1549593142957.png
gs://acm-vcm/output-1549593145476.png
gs://acm-vcm/output-1549593147994.png
gs://acm-vcm/output-1549593150516.png
gs://acm-vcm/output-1549594218052.png
gs://acm-vcm/output-1549594268327.png
gs://acm-vcm/output-1549594270847.png
gs://acm-vcm/output-1549594273308.png
gs://acm-vcm/output-1549594275830.png
gs://acm-vcm/output-1549594278349.png
gs://acm-vcm/output-1549594406462.png
gs://acm-vcm/output-1549594408970.png
gs://acm-vcm/output-1549594411480.png
gs://acm-vcm/output-1549594414001.png
gs://acm-vcm/output-1549594416519.png
gs://acm-vcm/output-1549594419046.png
gs://acm-vcm/output-1549595815697.png
gs://acm-vcm/output-1549595818217.png
gs://acm-vcm/output-1549595820742.png
gs://acm-vcm/output-1549595823259.png
gs://acm-vcm/output-1549595825722.png
gs://acm-vcm/output-1549595828247.png
gs://acm-vcm/output-1549595853380.png
gs://acm-vcm/output-1549595855897.png
gs://acm-vcm/output-1549595858422.png
gs://acm-vcm/output-1549595860937.png
gs://acm-vcm/output-1549595863399.png
gs://acm-vcm/output-1551046882811.png
gs://acm-vcm/output-1551046885343.png
gs://acm-vcm/output-1551046887839.png
gs://acm-vcm/output-1551046890358.png
gs://acm-vcm/output-1551046892879.png
gs://acm-vcm/output-1551046895401.png, Healthy
gs://acm-vcm/output-1551046897918.png, Healthy
gs://acm-vcm/output-1551046900403.png
gs://acm-vcm/output-1551046902966.png
gs://acm-vcm/output-1551046905477.png
gs://acm-vcm/output-1551046907937.png
gs://acm-vcm/output-1551046910461.png
gs://acm-vcm/output-1551046912980.png
gs://acm-vcm/output-1551046915500.png
gs://acm-vcm/output-1551046918020.png
gs://acm-vcm/output-1551046920502.png
gs://acm-vcm/output-1551046923022.png
gs://acm-vcm/output-1551046925542.png
gs://acm-vcm/output-1551046928037.png
gs://acm-vcm/output-1551046930560.png
gs://acm-vcm/output-1551046933083.png
gs://acm-vcm/output-1551046935607.png
gs://acm-vcm/output-1551046938141.png
gs://acm-vcm/output-1551046940604.png
gs://acm-vcm/output-1551046943159.png
gs://acm-vcm/output-1551046945643.png
gs://acm-vcm/output-1551046948139.png
gs://acm-vcm/output-1551046950659.png
gs://acm-vcm/output-1551046953180.png
gs://acm-vcm/output-1551046955700.png
gs://acm-vcm/output-1551046958217.png
gs://acm-vcm/output-1551046960702.png
gs://acm-vcm/output-1551046963257.png
gs://acm-vcm/output-1551046965744.png
gs://acm-vcm/output-1551046968245.png
gs://acm-vcm/output-1551046970768.png
gs://acm-vcm/output-1551046973280.png
gs://acm-vcm/output-1551046975796.png
gs://acm-vcm/output-1551046978318.png
gs://acm-vcm/output-1551046980837.png
gs://acm-vcm/output-1551046983322.png
gs://acm-vcm/output-1551046985876.png
gs://acm-vcm/output-1551046988397.png
gs://acm-vcm/output-1551046990855.png
gs://acm-vcm/output-1551046993378.png
gs://acm-vcm/output-1551046995897.png
gs://acm-vcm/output-1551046998417.png, Healthy
gs://acm-vcm/output-1551047000937.png, Healthy
gs://acm-vcm/output-1551047003462.png
gs://acm-vcm/output-1551047005941.png, Healthy
gs://acm-vcm/output-1551047008461.png
gs://acm-vcm/output-1551047010955.png
gs://acm-vcm/output-1551047013475.png
gs://acm-vcm/output-1551047015997.png
gs://acm-vcm/output-1551047018517.png
gs://acm-vcm/output-1551047021035.png
gs://acm-vcm/output-1551047023521.png
gs://acm-vcm/output-1551047026039.png
gs://acm-vcm/output-1551047028561.png
gs://acm-vcm/output-1551047031054.png
gs://acm-vcm/output-1551047033575.png, Healthy
gs://acm-vcm/output-1551047036096.png, Healthy
gs://acm-vcm/output-1551047038639.png, Healthy
gs://acm-vcm/output-1551047041137.png, Healthy
gs://acm-vcm/output-1551047043620.png, Healthy
gs://acm-vcm/output-1551047046141.png, Healthy
gs://acm-vcm/output-1551047048661.png
gs://acm-vcm/output-1551047051213.png
gs://acm-vcm/output-1551047053672.png, Healthy
gs://acm-vcm/output-1551047056194.png, Healthy
gs://acm-vcm/output-1551047058713.png, Healthy
gs://acm-vcm/output-1551047061233.png, Healthy
gs://acm-vcm/output-1551047063752.png, Healthy
gs://acm-vcm/output-1551047066236.png
gs://acm-vcm/output-1551047068758.png
gs://acm-vcm/output-1551047071262.png
gs://acm-vcm/output-1551047073773.png
gs://acm-vcm/output-1551047076294.png
gs://acm-vcm/output-1551047078813.png
gs://acm-vcm/output-1551047081333.png
gs://acm-vcm/output-1551047083852.png
gs://acm-vcm/output-1551047086372.png
gs://acm-vcm/output-1551047088897.png
gs://acm-vcm/output-1551047091378.png
gs://acm-vcm/output-1551047093872.png
gs://acm-vcm/output-1551047096403.png
gs://acm-vcm/output-1551047098913.png
gs://acm-vcm/output-1551047101432.png
gs://acm-vcm/output-1551047103953.png
gs://acm-vcm/output-1551047106481.png
gs://acm-vcm/output-1551047108957.png
gs://acm-vcm/output-1551047111478.png
gs://acm-vcm/output-1551047113972.png
gs://acm-vcm/output-1551047116490.png
gs://acm-vcm/output-1551047119012.png
gs://acm-vcm/output-1551047121534.png
gs://acm-vcm/output-1551047124051.png
gs://acm-vcm/output-1551047131612.png
gs://acm-vcm/output-1551047134075.png
gs://acm-vcm/output-1551047136592.png
gs://acm-vcm/output-1551047139121.png
gs://acm-vcm/output-1551047141631.png
gs://acm-vcm/output-1551047144151.png
gs://acm-vcm/output-1551047146636.png
gs://acm-vcm/output-1551047149157.png
gs://acm-vcm/output-1551047151677.png
gs://acm-vcm/output-1551047154170.png